from,to
IB Schwaben,Die Tagesstimme
IB Schwaben,Aha!
IB Schwaben,einprozent.de
IB Schwaben,Verlag Antaios
IB Schwaben,Jungeuropa Verlag
IB Schwaben,Laut Gedacht
IB Schwaben,Schwäbische Zeitung
IB Schwaben,Identity Europa IN
IB Schwaben,Das Leuchtfeuer
IB Schwaben,Instyle.de
IB Schwaben,Spiegel Online
IB Schwaben,art - Kunstmagazin
IB Schwaben,AfD Deutschland
IB Schwaben,CSU
IB Schwaben,WELT
IB Schwaben,Die Mannschaft
IB Schwaben,JU Deutschlands
IB Schwaben,Bündnis90/Die Grünen
IB Schwaben,Zeit online
IB Schwaben,Bravo
IB Schwaben,Welt news
IB Schwaben,linksfraktion
IB Schwaben,der Freitag
IB Schwaben,stern
IB Schwaben,Deutschlandfunk
IB Schwaben,BILD
IB Schwaben,VfB Stuttgart
IB Schwaben,SPD Parteivorstand
IB Schwaben,Breitbart News
IB Schwaben,Stuttgarter Zeitung
IB Schwaben,CDU Deutschlands
IB Schwaben,Reuters Top News
IB Schwaben,DIE LINKE
IB Schwaben,ZDF heute
IB Schwaben,BUNDESLIGA
IB Schwaben,DRL_next
IB Schwaben,SPIEGEL ONLINE + EIL + 
IB Schwaben,Piratenpartei
IB Schwaben,Jusos in der SPD
IB Schwaben,tagesschau
IB Schwaben,Das Erste
IB Schwaben,Cicero Online
IB Schwaben,Süddeutsche Zeitung
IB Schwaben,SPD Parteivorstand
IB NRW ,Defend Ruhrpott
IB NRW ,Aha! 
IB NRW ,Patriot Peer
IB NRW ,Generation Identiaer 
IB NRW ,Das Leuchtfeuer
IB NRW ,ID Canada
IB NRW ,Sezession im Netz
IB NRW ,Verlag Antaios
IB NRW ,Phalanx Europa
IB NRW ,Defend Europe
IB NRW ,Кормило
IB NRW ,einprozent.de
IB Bayern,Die Tagesstimme
IB Bayern,Widerstand steigt auf
IB Bayern,120 Dezibel
IB Bayern,Patriot Peer
IB Bayern,Aha!
IB Bayern,Frontex
IB Bayern,Metropolico
IB Bayern,Info-Direkt
IB Bayern,Einwanderungskritik
IB Bayern,Breitbart News
IB Bayern,Arktos
IB Bayern,Compact
IB Bayern,Verlag Antaois
IB Bayern,einprozent.de
IB Bayern,Verteidiger Europas
IB Bayern,Laut Gedacht
IB Bayern,taz
IB Bayern,Heimat Zukunft
IB Bayern,Sezession im Netz
IB Bayern,Junge Freiheit
IB Bayern,Jungeuropa Verlag
IB Sachsen,European Kitchen
IB Sachsen,Verlag Antaois
IB Sachsen,einprozent.de
IB Sachsen,Junge Freiheit
IB Sachsen,Laut Gedacht
IB Thüringen,Bundespolizeit Mitteldeutschland
IB Thüringen,Polizei Thüringen
IB Thüringen,Phalanx Europa
IB Thüringen,Das Leuchtfeuer
IB Thüringen,Verlag Antaois
IB Thüringen,Junge Freiheit
IB Thüringen,120Dezibel
IB Thüringen,Defend Europe
IB Thüringen,COMPACT-Magazin
IB Thüringen,Laut Gedacht
IB Thüringen,einprozent.de
IB SchleswigHolstein,NRW Maedels
IB SchleswigHolstein,Okzident Media
IB SchleswigHolstein,Generation Identitær
IB SchleswigHolstein,Defend Europe
IB SchleswigHolstein,Fraktion der AfD im Deutschen BundestagVerifizierter Account
IB SchleswigHolstein,Konservative Revolution
IB SchleswigHolstein,Arcadi Magazin
IB SchleswigHolstein,Free West Media
IB SchleswigHolstein,AFD Schleswig-Holstein
IB SchleswigHolstein,Laut Gedacht
IB SchleswigHolstein,Das Leuchtfeuer
IB SchleswigHolstein,AfD-Chan
IB SchleswigHolstein,BundeswehrVerband
IB SchleswigHolstein,Jundeuropa Verlag
IB SchleswigHolstein,Verteidiger Europas
IB SchleswigHolstein,SCHWARZ WALDGANG
IB SchleswigHolstein,Die Weltraumaffen
IB SchleswigHolstein,Phalanx Europa
IB SchleswigHolstein,Kontrakultur Halle
IB SchleswigHolstein,einprozent.de
IB SchleswigHolstein,ENDSTATION RECHTS.
